Test File,Time 1,Time 2,Time 3,Time 4,Time 5,Time 6,Time 7,Time 8,Time 9,Time 10
test/test_groupby.py,0.0467,0.0637,0.0502,0.0429,0.045,0.0417,0.0442,0.0401,0.0412,0.0507
test/test_head.py,0.00480819,0.0046277,0.00421476,0.00435114,0.00416994,0.00408649,0.00627422,0.00490999,0.00426769,0.0039959
test/test_tail.py,0.04743099,0.06391788,0.04897261,0.05298185,0.04820466,0.05028844,0.04534292,0.04357934,0.04282427,0.04178429
test/test_io.py,5.33623695,6.56160164,7.21666288,7.67747712,7.79155207,9.09102678,13.41968799,22.21192837,36.14808846,39.14735961
test/test_shuffle.py,0.0405,0.0398,0.0394,0.0381,0.0439,0.042,0.0388,0.0387,0.0492,0.0369
test/test_sort.py,0.0238,0.0245,0.0235,0.0219,0.0231,0.0228,0.0244,0.0287,0.0225,0.0216
